{"credit_lines_outstanding": 0.30898769776072815, "loan_amt_outstanding": -0.4044334558081212, "total_debt_outstanding": -0.1524305834332818, "income": 0.09794815852956418, "years_employed": 2.200175620721805, "fico_score": -0.7346103862870003}